{"playerData":{"playerStats":[100.0,91.0],"playerPositionAndRotation":[57.558345794677737,1.9299997091293336,52.19615173339844,0.010065115056931973,0.5037486553192139,-0.005869939457625151],"inventoryContent":[],"quickSlotsContent":[]},"enviromentData":{"pickedupItems":[]},"sceneName":"0.krug2"}