{"playerData":{"playerStats":[100.0,100.0],"playerPositionAndRotation":[0.0,1.9299997091293336,0.0,-0.003369679441675544,0.34799209237098696,0.00125080905854702],"inventoryContent":[],"quickSlotsContent":[]},"enviromentData":{"pickedupItems":[]}}