{"playerData":{"playerStats":[100.0,100.0],"playerPositionAndRotation":[6.710000038146973,1.9299997091293336,5.599999904632568,0.05225929990410805,0.4586089849472046,-0.02702932059764862],"inventoryContent":[],"quickSlotsContent":[]},"enviromentData":{"pickedupItems":[]},"sceneName":"0.krug2"}