{"playerData":{"playerStats":[100.0,100.0],"playerPositionAndRotation":[12.129108428955079,1.9299997091293336,10.256720542907715,0.01614530012011528,0.17479583621025086,-0.002866655820980668],"inventoryContent":[],"quickSlotsContent":[]},"enviromentData":{"pickedupItems":[]}}