{"playerData":{"playerStats":[80.0,94.0,0.0],"playerPositionAndRotation":[11.302164077758789,1.9299997091293336,27.64227294921875,0.05528872460126877,0.4088327884674072,-0.02482316456735134]}}