{"playerData":{"playerStats":[100.0,100.0],"playerPositionAndRotation":[17.67529296875,1.9299997091293336,20.120325088500978,-0.08524975925683975,0.09074975550174713,0.0077973101288080219],"inventoryContent":[],"quickSlotsContent":["Rapier"]},"enviromentData":{"pickedupItems":[]}}