{"playerData":{"playerStats":[100.0,100.0],"playerPositionAndRotation":[32.26127243041992,1.9299997091293336,18.62955093383789,-0.001952832448296249,0.9976738095283508,-0.032543864101171496],"inventoryContent":[],"quickSlotsContent":[]},"enviromentData":{"pickedupItems":[]},"sceneName":"1.krug2"}