{"playerData":{"playerStats":[100.0,100.0],"playerPositionAndRotation":[123.26583862304688,1.929999828338623,103.60455322265625,0.1197039857506752,-0.09219017624855042,0.011164401657879353],"inventoryContent":["Health potion"],"quickSlotsContent":[]},"enviromentData":{"pickedupItems":["Health_potion_Model"]},"sceneName":"0.krug2"}