{"playerData":{"playerStats":[100.0,100.0],"playerPositionAndRotation":[61.7353515625,1.9299997091293336,46.05373764038086,0.02597806230187416,0.8141505122184753,-0.03653358295559883],"inventoryContent":["Broadsword"],"quickSlotsContent":["Broadsword"]},"enviromentData":{"pickedupItems":["Broadsword_Model"]}}