{"playerData":{"playerStats":[100.0,100.0],"playerPositionAndRotation":[22.039833068847658,1.9299997091293336,27.920154571533204,-0.0095721036195755,0.35352224111557009,0.003617767244577408],"inventoryContent":[],"quickSlotsContent":[]},"enviromentData":{"pickedupItems":[]},"sceneName":"0.krug2"}