{"playerData":{"playerStats":[100.0,100.0],"playerPositionAndRotation":[21.109458923339845,1.9299997091293336,47.813636779785159,0.07126006484031677,0.19854433834552766,-0.014475563541054726],"inventoryContent":[],"quickSlotsContent":[]},"enviromentData":{"pickedupItems":[]}}