{"playerData":{"playerStats":[100.0,100.0],"playerPositionAndRotation":[12.076665878295899,1.9299997091293336,26.90645980834961,-0.028869720175862314,0.18950077891349793,0.005574292503297329],"inventoryContent":[],"quickSlotsContent":[]},"enviromentData":{"pickedupItems":[]}}