{"playerData":{"playerStats":[100.0,100.0],"playerPositionAndRotation":[125.94194030761719,1.929999589920044,92.87505340576172,0.19544687867164613,0.3921366333961487,-0.08565112203359604],"inventoryContent":["Health potion"],"quickSlotsContent":[]},"enviromentData":{"pickedupItems":["Health_potion_Model"]},"sceneName":"0.krug2"}